1,gLmvNabOvZW,2022.05.04 04:23:39
2,GboQhoXoGHJkTvaqdr,2021.12.28 20:16:44
3,snfoRqGOPLtDXKFJgpyHXTRfiWEDSBsSJbHXSufxAQsdROuA,2021.12.10 14:21:37
4,yAKEdbJjskszgZmAbqFkHhGrl,2022.01.29 06:33:44
5,LfTwCDcFVtTLzIKtLXmRTTXyBhrRjprP,2020.11.05 10:14:08
6,FmwNxUasxAjAzweTXKFLgNNLNmtUVeoZxvVIOmPkRDUWu,2021.09.22 02:11:23
7,Pc,2022.01.29 23:11:29
8,Xd,2021.05.15 09:51:58
9,TYpiSzP,2021.03.17 02:22:58
10,vFJNiuDpOahatPbpbusyBvsVkDbOBieNIejdZFEqPjyWl,2021.10.19 04:10:45
11,zjaRAKKQg,2020.11.10 18:51:06
12,ckciCXERESUfgqdrVmdBUUetPLtvuSPMNCoH,2021.01.17 09:28:03
13,BDpGNppMRmnnMlBnerw,2021.05.02 22:46:26
14,wpTeSVInuJeuKsqqKhvgDzFgvFtEJ,2021.06.05 11:44:14
15,DDmfVKOAjyrLxgdDvi,2021.11.15 15:29:30
16,uvbKrvMibt,2021.07.16 13:29:36
17,ywJPVHqaJYHdjdIbdpDzFzcvzyNxEprhuBbSoUdEHr,2022.01.08 04:11:56
18,YjlVlPhhsDmxuXMZxiHEZivYylfkgq,2021.08.24 16:59:41
19,jNQkOvewsefpZnrlDlIgajCXVRFSGL,2020.12.14 00:30:03
20,QDiJTrWqMntyWnJBWoRHZgBEfWD,2021.04.14 14:30:29
21,qYJhOysf,2021.01.16 10:56:25
22,PYCfxXMYsFWZfrNgvZmdahuAuCsr,2020.07.28 23:26:00
23,mRv,2022.02.20 21:25:03
24,ExsZxktcAyDEFHAcSMIcKbuXzYzpowUeckndgTOdZkzGBCV,2020.11.20 15:10:43
25,KPbWlUDVsPlhNHd,2021.11.12 03:14:09
26,imaPGrxIiMdQhNjORLhohycDPNgVGIbiscSbBLSyn,2020.07.12 10:47:40
27,BQF,2020.10.03 21:23:07
28,wOBocMtxAHlNAYqbowriZCMFLjpyEjkLc,2021.10.23 07:02:15
29,iUUfsjEoBkJ,2021.06.29 08:57:22
30,xtkqHTmIyqngvdJcpwwUtWTYAgkJ,2020.12.14 17:19:58
31,hIcZoMCXTaYxPQypVYAkWdftAxZUzTGURbQbs,2022.06.12 08:35:45
32,dD,2021.01.14 22:29:06
33,LkrLoxARHnrgiGCuogIrkBoZIOzSYmuwHVriyyrbmLmCX,2021.08.26 08:47:50
34,QYHsOFCUTzr,2021.09.01 19:41:03
35,kvNOIiOgFtWar,2022.04.27 22:50:23
36,IfzphWshdpOQGNVviuEqvtAicXgqPCmWkCKAVjLqaKdV,2021.05.08 17:24:39
37,KOzyM,2021.05.06 11:31:26
38,wclDfgxYeDNrYQcxgmIEiLRyLxbWsMAyOIoh,2022.02.24 23:23:17
39,uOPERjuxTlwWDgYniHZNZYtxXtLBZPOWLwqancJkjHUfDRzj,2020.09.29 05:09:52
40,VNFkvRHbGrzJTehnxrJhXSPuscpthdhhPfzKoTX,2022.05.23 11:48:46
41,nmdPQuRXNyXBViOqvd,2021.08.16 14:40:46
42,pIWWzTHyEkOewKniJLQpoQjzQvGadnjIfTomFlNVegCJJK,2021.11.24 11:44:56
43,uegjtMvGDcxcHrGkDDQCvADosTzxbTe,2020.12.06 13:57:03
44,mKWzeOjvlONcUFijTLFLoUmyfh,2021.04.26 06:29:33
45,ZRePHzHWVUypfPYVJXbmKDnHzxYSssf,2020.09.06 08:49:40
46,NKtNUzqZhZyadhxrOkqkInYOChzrmbB,2021.10.23 07:36:23
47,jsjYLjEAll,2021.10.10 04:41:43
48,EqMJIcASdvQstEHarHqI,2022.03.04 18:52:05
49,BsgvPWbRcrP,2021.07.19 13:52:46
50,qcrFEwyBcxry,2020.08.19 08:04:40
51,uJcviNlmbfjudKsWciWvMfoGskoBAwXqYzWAqdBCr,2021.07.05 17:59:49
52,UPxSajzsEerwmuRxjJIczeG,2022.04.29 15:57:02
53,nuYTItQcdHgbkhFfoUd,2021.03.19 01:48:30
54,UkzleCWgSnDsrtstJ,2021.10.06 02:36:09
55,zdOeyDOx,2021.08.11 18:40:34
56,SvbfSZZ,2021.07.23 20:09:02
57,pMEgVzaUdqmmnxrwPXyxOkUSIyGdRTjiGNNdyDjI,2022.02.10 12:14:42
58,BlayPLyePoJwHxLKJnSJCkEzQlAbFFNAioikdGcW,2021.02.27 07:55:51
59,PqfRYWQQMlsupRWbZUQMeycsgkE,2022.01.15 11:44:15
60,aOiAiBdWgCNMxACRFQHEuTHUtTwbkFFw,2021.09.08 01:36:24
61,NTtXLyZplSQPwDsAlfXvBUhecSGiSLBbgrXOQeFtWKiDXmThH,2020.10.24 20:12:46
62,GR,2020.12.23 14:08:38
63,pmAGeJbQSJodMiytHqGyYHBLjaHoj,2021.06.03 03:43:36
64,QSresZGVLfzMPFlMpxOzeYNpZMHvOhG,2021.10.14 04:04:18
65,BSWmoTFnpSOesNBgoGTHlUpfzZGHNCwhSiCu,2020.09.11 20:57:39
66,dmgOJQbqFBOOWSbXQB,2022.03.13 00:31:35
67,tCWBVIAQZxgeTVUdYMLvhOncapaNi,2020.11.25 22:31:52
68,vwbUyuheiNHU,2021.06.15 20:35:22
69,jrufmSxPfGUrxODSMMVZAcO,2020.08.09 12:09:06
70,LmUfUEyfXFbsKxqRPoYjBNtrEnIxmZjDhzSmCNLdaSpZBIecKy,2021.11.15 23:12:11
71,bwrQZcdHehjEFufMLCvqHOICWYTOlr,2021.08.02 07:17:02
72,WaTHcwtgvvhfNVm,2020.12.26 18:20:33
73,ZSRNshxUKeL,2021.04.12 00:10:37
74,VAHDLh,2022.02.14 16:09:18
75,tGxdWUkvPhxmfykJMrlySwBPg,2020.08.13 13:26:12
76,tNDvfTIColxnwfSxKKEPirtCeerpZJwWjXfaipAbRwYFrJiJc,2020.07.12 13:15:50
77,yYwBXsukFcFZYIdOf,2021.04.23 17:10:41
78,YcGcUaBcLGeInyFxubS,2021.02.12 15:56:57
79,LuZAaZmkMcHljdlYZYMeWDYDiCTAbtu,2022.02.19 23:48:18
80,sYCgOFndjxqHuMYd,2020.11.26 03:10:47
81,yVnktxtABShbcVgnPsrLDIJU,2021.09.10 19:31:55
82,kcMNszwhekNmZDywhPzQkFAmXbmUtdUYMGKlAyzMLqHGrOoY,2021.07.24 20:14:47
83,Yuae,2021.11.22 23:50:52
84,EyhldRFr,2022.02.26 09:59:28
85,XZByItFGXcUoKzeKOTIEgQFs,2021.05.26 21:53:04
86,PFDCOfgtNxShJvWvTvHiJwFmVlHwQ,2022.04.27 21:01:53
87,RDMvU,2021.12.20 21:35:16
88,Vhlc,2021.10.06 20:02:14
89,GlPcznzOocQkqLyeakKRJOBvzsdEYoXPiUOUYHK,2020.09.07 19:51:24
90,TBuYuyMnfzuqijFesgXbWeWx,2021.09.05 19:15:58
91,PSJjyD,2020.12.16 08:01:28
92,hIAImYczPWGV,2020.12.23 06:28:25
93,vrAdobVyGJqEi,2020.12.13 05:19:07
94,rKczissCUgmxdAiKawPwyKUCSVYMiUePncOFzOOhce,2022.06.06 22:15:48
95,oKfYDYnC,2022.03.27 18:25:55
96,tKgAMRMXSHIBDcOxrCbNDmUAaVtLObA,2021.06.09 11:18:15
97,TcbXLlgokfBjDHXaelqpNgUga,2020.12.29 00:34:15
98,tMvrblcaoAegnGOmqcXBAfCDpgt,2020.09.21 15:15:00
99,pCRYgYPWHcXDlDNkAdfqEWgFPfjtoxUbfsMhCwJOrKuO,2021.07.23 15:23:20
100,lggjflPmzFiARVW,2021.12.01 19:16:13
